<Context path="/Usuarios" docBase="Usuarios" debug="1" reloadable="true" crossContext="true">
	<Logger className="org.apache.catalina.logger.FileLogger" prefix="localhost_Usuarios_log." suffix=".txt" timestamp="true"/>
	<Resource name="jdbc/genesis" auth="Container" type="javax.sql.DataSource"/>
	<ResourceParams name="jdbc/genesis">
		<parameter>
			<name>factory</name>
			<value>org.apache.commons.dbcp.BasicDataSourceFactory</value>
		</parameter>
		<parameter>
			<name>url</name>
			<value>jdbc:mysql://localhost/genesis</value>
		</parameter>
		<parameter>
			<name>driverClassName</name>
			<value>org.gjt.mm.mysql.Driver</value>
		</parameter>
		<parameter>
			<name>username</name>
			<value>javi</value>
		</parameter>
		<parameter>
			<name>password</name>
			<value>23jsdc10</value>
		</parameter>
		<parameter>
			<name>maxActive</name>
			<value>100</value>
		</parameter>
		<parameter>
			<name>maxIdle</name>
			<value>30</value>
		</parameter>
		<parameter>
			<name>maxWait</name>
			<value>10000</value>
		</parameter>
		<parameter>
			<name>removeAbandoned</name>
			<value>true</value>
		</parameter>
		<parameter>
			<name>removeAbandonedTimeout</name>
			<value>300</value>
		</parameter>
		<parameter>
			<name>logAbandoned</name>
			<value>true</value>
		</parameter>
	</ResourceParams>
</Context>
